metric	p	p_adj
tp53_mut_freq	3.66656678451643e-43	7.33313356903286e-43
ifn_mut_freq	0.001378478478225594	0.001378478478225594
