metric	p	p_adj
tp53_loss_freq	0.14075060893372823	0.14075060893372823
tp53_amp_freq	2.0613219120671274e-10	8.24528764826851e-10
ifn_loss_freq	0.07434335022711125	0.09912446696948166
ifn_amp_freq	8.740886938281753e-8	1.7481773876563507e-7
